{
  "Time_spent_Alone": 209.0515573479738,
  "Stage_fear": 3.6335790157318115,
  "Social_event_attendance": 212.75819479139864,
  "Going_outside": 190.09777613823326,
  "Drained_after_socializing": 7.937573969364166,
  "Friends_circle_size": 380.476853291634,
  "Post_frequency": 147.46863028606003,
  "social_alone_ratio": 10303.501645380004,
  "friends_and_posts": 426.96725568722263,
  "drained_by_social": 93.44441432505846
}