{
  "accuracy": 0.9264367816091954,
  "auc_roc": 0.9489840321373799,
  "training_time": 0.24665451049804688,
  "timestamp": "2025-06-15 20:27:05"
}